"id","object","sdh_knuckle_joint","sdh_finger_12_joint","sdh_finger_13_joint","sdh_finger_22_joint","sdh_finger_23_joint","sdh_thumb_2_joint","sdh_thumb_3_joint","direction","qw","qx","qy","qz","pos-x","pos-y","pos-z","eps_l1","vol_l1","indicee"
"0","ombia","0.0","0.398203704795","-8.40557380573e-16","-0.408796307459","1.57079632679","-0.132796304128","1.52779632801","SIDE","0.813150358942","-0.134104869082","-0.566394189448","-6.82667733228e-17","140.986806704","145.446180396","-52.3852243999","0.000522584","0.000003874","63"
"1","ombia","0.0","-0.442796309074","1.57079632679","1.09820371523","1.57079632679","-0.183796303291","1.57079632679","SIDE","9.58597078668e-18","0.687019310209","0.0634996956101","0.723859279182","-149.516033772","163.45286593","-6.30302617769","0.000012465","0.000000006","68"
"2","ombia","0.0","0.406203705175","3.3701196344e-16","-0.410796307554","1.57079632679","-0.230796305523","1.57079632679","SIDE","0.765660770724","-0.0559569347108","-0.640806059297","-2.71878650542e-16","145.307972936","164.596187586","-22.7147342873","0.000801864","0.000001799","70"
"3","ombia","0.0","0.0222036999741","1.57079632679","-0.796796312849","1.57079632679","-0.529796309946","1.57079632679","SIDE","0.750097528671","0.0967755583441","0.654208062308","-1.29509178395e-16","-117.529961104","191.476240729","-20.5681384898","0.001995151","0.000004960","72"
"4","ombia","0.0","0.0142036995941","1.57079632679","-0.374796305844","1.57079632679","-0.273796304306","1.57079632679","SIDE","0.750097528671","0.0967755583441","0.654208062308","-1.11007867196e-16","-141.977624069","195.092729687","-23.6891772813","0.002749724","0.000002317","73"
"5","ombia","0.0","0.263203701642","-1.58635129845e-15","-0.228796305428","1.57079632679","-0.257796306806","1.45100002328","SIDE","-0.434499853975","0.122308374122","0.892328716626","-6.22093071723e-17","109.777910585","162.354153445","100.160096545","0.002022874","0.000004519","76"
"6","ombia","0.0","0.143203699202","1.35500002198","-0.296796305399","1.57079632679","-0.249796306426","1.43000002229","SIDE","0.863530034395","0.0538422331717","0.501414891707","-1.48656713848e-16","-123.712452419","188.164199696","-81.4641840836","0.006631619","0.000009327","77"
"7","ombia","0.0","0.219203702812","1.57079632679","-0.622796311104","1.57079632679","-0.425796308266","1.57079632679","SIDE","0.863530034395","0.0538422331717","0.501414891707","-1.52674462871e-16","-102.141049112","185.847849413","-69.2242012102","0.000437158","0.000004553","84"
"8","ombia","0.0","-0.552796311039","1.57079632679","1.09820371523","1.57079632679","-0.0697963043957","1.27300002135","SIDE","2.71878650542e-16","-0.640806059297","0.0559569347108","0.765660770724","152.176933902","163.99637116","-23.922044128","0.000664657","0.000000985","88"
"9","ombia","0.755","-0.923796315622","0.0","0.125203701607","1.28600002197","-0.482796307714","1.01200001547","SIDE","1.86835809852e-16","0.742779867459","-0.32004371933","0.588090202448","-123.691246478","225.200558765","60.5361874671","0.002577038","0.000058318","89"
"10","ombia","0.0","-0.221796305096","1.57079632679","-0.697796311407","1.57079632679","-0.0607963039682","1.57079632679","SIDE","0.558089388339","0.27683579695","0.782239206478","0.0","-107.001308782","210.17338411","59.4192190345","0.003128823","0.000005800","101"
"11","ombia","0.0","-0.138796304413","1.57079632679","-0.436796308789","1.24900002021","-0.0357963027807","1.32600002061","SIDE","0.558089388339","0.27683579695","0.782239206478","4.97332079691e-17","-128.750698104","217.870530298","68.8120942434","0.004189134","0.000006180","105"
"12","ombia","0.0","-0.241796306046","1.57079632679","-0.792796312659","1.57079632679","0.00920369935665","1.57079632679","SIDE","0.588090202448","0.32004371933","0.742779867459","-2.35980598725e-16","-107.782205247","218.345783953","54.9220476355","0.000250809","0.000004151","106"
"13","ombia","0.755","-0.974796314785","0.0","0.0412036976169","1.50379632687","-0.420796308029","1.10200001649","SIDE","7.09644195427e-17","0.782239206478","-0.27683579695","0.558089388339","-120.892628694","215.089546055","65.4184419314","0.001175966","0.000035782","108"
"14","ombia","0.0","-0.147796304841","1.57079632679","-0.503796308711","1.28900002211","0.00520369916666","1.19600002095","SIDE","0.588090202448","0.32004371933","0.742779867459","-1.8878447898e-16","-129.544655497","227.722634114","62.6017963403","0.003999425","0.000007057","115"
"15","ombia","0.0","-0.480796307619","1.57079632679","-1.24979632133","-2.91025020034e-16","0.0162036996891","1.53879632853","SIDE","0.530399049075","-0.394164303606","0.531025610723","-0.530399049075","-141.68319214","195.04917502","-23.6515894974","0.001431631","0.000017328","136"
"16","ombia","0.755","-0.183796303291","1.57079632679","-0.388796306509","1.57079632679","-0.322796306634","1.07300001837","SIDE","0.69328622832","0.117413258571","0.157868736469","-0.69328622832","-5.08021049347","209.625083681","-108.285153506","0.001675636","0.000004268","158"
"17","ombia","0.755","-0.321796306586","1.46300002385","-0.469796310356","1.57079632679","0.0852036997068","0.207000003313","SIDE","0.574984132932","0.305674709866","-0.495327634501","-0.574984132932","144.394977841","144.63922942","-53.5782044206","0.003017642","0.000006093","168"
"18","ombia","0.755","-0.523796309661","1.57079632679","-1.10779631784","1.57079632679","0.166203700294","0.613000009558","SIDE","0.541403923068","0.413550781966","-0.492685837943","-0.541403923068","124.887533518","166.379356111","-19.1255746486","0.002201254","0.000004016","170"
"19","ombia","0.755","-0.288796305019","1.57079632679","-0.540796310469","1.57079632679","0.0682036988994","0.00400000018999","SIDE","0.541403923068","0.413550781966","-0.492685837943","-0.541403923068","149.331221369","164.244866548","-23.421872885","0.000031909","0.000000011","173"
"20","ombia","0.0","-0.132796304128","0.979000017163","-0.242796306093","1.21200001845","-0.0577963038257","0.862000014866","SIDE","-0.196744532942","0.970035676275","0.142556569513","-1.60947804969e-16","10.5471428758","103.287716377","148.737302334","0.008011026","0.000020806","184"
"21","ombia","3.33066907388e-16","-0.408796307459","1.57079632679","-0.580796309109","1.57079632679","-0.138796304413","1.54679632891","SIDE","2.93554924167e-16","-0.701526116613","-0.0707416480337","0.709123915084","147.141882418","169.023997169","-0.50020655361","0.001413882","0.000007514","189"
"22","ombia","0.0","-0.513796309186","1.57079632679","-0.341796307536","1.57079632679","-0.196796303909","1.53879632853","SIDE","0.767154948903","0.0679255690372","0.637855313879","9.04497052887e-18","-144.6711274","169.508034387","-30.159324431","0.002265027","0.000007630","191"
"23","ombia","0.755","-0.0487963033982","1.53279632825","-0.370796305654","1.57079632679","-0.250796306473","0.705000010668","SIDE","0.863530034395","0.0538422331717","0.501414891707","-1.48656713848e-16","-123.62585505","188.154900819","-81.4150472565","0.002926940","0.000010176","211"
"24","ombia","0.755","-0.0687963043482","1.57079632679","-0.429796308456","1.57079632679","-0.289796305066","0.903000013554","SIDE","0.750097528671","0.0967755583441","0.654208062308","-1.29509178395e-16","-139.033304781","194.657183017","-23.3132994427","0.001393017","0.000005518","214"
"25","ombia","0.755","-0.091796302181","0.771000013803","-0.189796303576","1.33400002099","-0.198796304004","0.700000010431","SIDE","0.69328622832","0.117413258571","0.157868736469","-0.69328622832","-6.47752327718","219.133191625","-131.266700458","0.002131748","0.000005209","223"
"26","ombia","0.755","-0.148796304888","0.851000014343","-0.117796303416","1.06500001799","-0.334796307204","0.992000017781","SIDE","0.706797972827","-0.0104646556214","-0.0276358860596","-0.706797972827","2.91957069749","149.215063184","-157.075925294","0.006230590","0.000008167","231"
"27","ombia","0.755","-0.240796305998","1.57079632679","-0.615796310771","1.57079632679","0.0172036997366","0.014000000665","SIDE","0.530399049075","-0.394164303606","0.531025610723","-0.530399049075","-140.407320449","194.86043813","-23.4887091007","0.000210542","0.000006839","238"
"28","ombia","0.0","-1.57079632679","1.57079632679","-0.168796305838","1.57079632679","-0.233796305666","1.57079632679","SIDE","2.57076564503e-16","0.284705832114","0.958199881289","0.0282059684807","-1.78652845802","150.455877596","133.539786274","0.000079050","0.000001680","247"
"29","ombia","0.0","1.03220371209","1.57079632679","-1.12979631889","1.57079632679","-0.362796308534","0.769000013708","TOP","0.505705340864","0.457058003813","-0.528793151992","0.505705340864","-2.70234618263","297.908801979","-2.20730294948","0.005034358","0.000019291","251"
"30","ombia","0.0","-0.472796307239","1.57079632679","-0.386796306414","1.49000002514","-0.276796304449","1.29500002239","SIDE","0.75035781882","0.0840626907493","0.655665011846","-6.47321266056e-17","-151.722546001","106.636809627","-24.11968459","0.004044720","0.000037115","262"
"31","ombia","0.755","0.379203703892","1.37300002284","-0.405796307316","1.57079632679","-1.57079632679","1.57079632679","SIDE","0.4158425701","0.751529765423","0.298919596995","0.4158425701","-94.4154658171","212.586418103","50.2050604101","0.001484331","0.000007609","267"
"32","ombia","0.0","-0.591796309632","1.54579632887","-0.475796307381","1.57079632679","0.0932037000868","1.3700000227","SIDE","2.53118188444e-16","0.501414891707","-0.0538422331717","0.863530034395","-121.807310298","187.959624388","-80.3831738868","0.002586281","0.000018150","269"
"33","ombia","0.0","-0.524796309709","1.27100002125","-0.0967963024185","0.943000015453","-0.125796303796","1.01600001566","SIDE","2.55266166161e-16","0.284705832114","0.958199881289","0.0282059684807","-2.18660317169","149.109394665","158.410150645","0.002196920","0.000019667","270"
"34","ombia","0.755","-1.57079632679","1.57079632679","-0.0987963025135","1.57079632679","-0.246796306283","0.799000015133","SIDE","2.57076564503e-16","0.284705832114","0.958199881289","0.0282059684807","-1.76564940702","150.526147685","132.241854693","0.000142171","0.000002951","276"
"35","ombia","0.755","-0.371796305701","1.13400001801","-0.0567963037782","0.905000013649","-0.128796303938","0.390000008745","SIDE","2.57076564503e-16","0.284705832114","0.958199881289","0.0282059684807","-2.1657241207","149.179664754","157.112219064","0.006578113","0.000011370","279"
"36","ombia","0.755","-0.945796316667","1.57079632679","-1.57079632679","1.57079632679","0.150203699535","1.57079632679","SIDE","1.53044875407e-16","0.0286063427578","-0.194653765432","0.980454786697","-5.22044661237","210.579329696","-110.591611293","0.000224461","0.000002267","298"
"37","ombia","0.755","-1.57000632679","1.57000632679","-0.895796314292","1.57000632679","0.0522036981394","1.57000632679","SIDE","0.980454786697","0.194653765432","0.0286063427578","3.18474885239e-17","-5.08525899409","209.65943654","-108.368185992","0.000788148","0.000003217","302"
"38","ombia","0.0","-0.193796303766","1.55479632929","-0.284796304829","1.57079632679","-0.466796310214","1.57079632679","SIDE","0.611763415495","-0.030861813243","-0.790438531415","1.53123029802e-16","140.832089488","84.8786670991","52.4825521363","0.003702932","0.000025812","305"
"39","ombia","0.0","-0.543796310611","1.57079632679","-0.483796307761","1.49000002514","-0.195796303861","1.41700002167","SIDE","0.708449351327","0.0716638595598","0.702113814019","-1.763006629e-16","-152.84265244","103.244717335","-0.264889015254","0.003598698","0.000031745","315"
"40","ombia","0.755","-1.03879631782","0.832000013441","-0.134796304223","0.337000006228","-0.0157963018308","0.323000005563","SIDE","0.0469677772144","0.203708575569","0.976775753204","-0.0469677772144","-10.1238931925","104.966831473","168.265622456","0.009999042","0.000081057","323"
"41","ombia","0.755","-0.0907963021335","1.57079632679","-0.483796307761","1.50679632701","-0.359796308391","1.09300001932","SIDE","0.370271746955","0.648348743116","-0.552667688683","-0.370271746955","128.997556846","165.177118151","78.7229957858","0.005664712","0.000009861","333"
"42","ombia","0.755","-1.57079632679","1.57079632679","-0.214796304764","1.1380000182","-0.0317963025908","0.403000006103","SIDE","0.0469677772144","0.203708575569","0.976775753204","-0.0469677772144","-8.3149665084","102.204575276","143.575425516","0.002359265","0.000027264","334"
"43","ombia","1.66533453694e-16","-0.620796311009","1.27000002121","-0.306796305874","0.936000015121","0.0622036986144","1.03800001671","SIDE","4.66569803792e-17","0.892328716626","-0.122308374122","-0.434499853975","118.85048161","161.110607888","107.442407916","0.001614996","0.000019351","341"
"44","ombia","0.755","0.191203701482","-5.65877861316e-15","-1.57079632679","1.57079632679","0.0812036995168","0.0","TOP","6.94877755301e-17","-0.0155274292591","-0.662463518736","0.748933231526","6.66365426721","291.623031381","-62.8378404535","0.001073324","0.000010698","352"
"45","ombia","0.0","-0.291796305161","1.36000002222","-0.816796313799","1.57079632679","0.0232037000216","0.0","SIDE","-0.179440881105","-0.196297503971","0.96398561199","1.07971952345e-16","58.6433958226","149.062252446","146.247401522","0.000730080","0.000014123","354"
"46","ombia","0.0","-0.271796304211","1.57079632679","-0.402796307174","1.57079632679","-0.109796303036","1.48900002509","SIDE","-0.196744532942","0.970035676275","0.142556569513","-1.64524422857e-16","9.14983009213","112.795824321","125.755755383","0.003466814","0.000016331","356"
"47","ombia","0.755","-0.161796305506","0.913000014029","-0.167796305791","0.712000011001","-0.0487963033982","0.491000010283","SIDE","-0.196744532942","0.970035676275","0.142556569513","-1.68101040745e-16","11.0407740605","99.9287700886","156.856034502","0.008140089","0.000019715","361"
"48","ombia","0.0","-0.161796305506","-3.49499494354e-15","1.09820371523","1.57079632679","-0.335796307251","0.623000010033","TOP","0.513545593105","0.499155823316","-0.472636553446","0.513545593105","-3.0094323153","296.103051522","-5.5462296382","0.006629259","0.000025679","363"
"49","ombia","0.755","-0.462796310024","1.36900002265","-0.729796312927","-3.30277331501e-16","0.0902036999443","0.730000011856","SIDE","0.512665627317","0.0299450879476","0.858065991795","-6.76746551181e-17","-129.345210509","160.011163089","82.1912370628","0.002545662","0.000027352","365"
"50","ombia","0.755","-0.435796308741","1.57079632679","-0.287796304971","1.57079632679","-0.362796308534","1.33300002094","SIDE","0.501426329057","0.546075773273","-0.4460319752","-0.501426329057","148.236314169","169.134359283","-0.506491353275","0.002807266","0.000005166","368"
"51","ombia","0.0","-1.11779631832","1.57079632679","-0.437796308836","1.57079632679","0.102203700514","1.57079632679","SIDE","5.44331437758e-17","0.892328716626","-0.122308374122","-0.434499853975","99.5344357619","163.758190688","91.9379318487","0.002630592","0.000018562","370"
"52","ombia","0.755","-0.530796309994","1.55979632953","-0.079796301611","1.57079632679","-0.348796307869","1.06200001785","SIDE","0.362509341557","-0.585569906753","0.627918656255","-0.362509341557","-128.025507607","159.965107634","81.4797151547","0.006016168","0.000010568","384"
"53","ombia","0.0","-1.0067963163","1.57079632679","-1.27079631906","1.57079632679","-0.340796307489","1.57079632679","SIDE","0.690785821485","-0.0166828238681","-0.722866953334","-1.60718849475e-16","124.248192439","93.5906240424","5.0138307942","0.000331328","0.000009408","390"
"54","ombia","0.755","-0.488796307999","1.57079632679","-0.786796312374","1.57079632679","-1.57079632679","1.57079632679","SIDE","0.505010091458","-0.420645129027","0.559452670454","-0.505010091458","-124.717139485","171.05717666","-1.92151753175","0.000013649","0.000004756","392"
"55","ombia","0.0","-0.610796310534","1.57079632679","-0.455796309691","1.57079632679","-0.194796303814","1.57079632679","SIDE","7.76046594421e-17","0.698631591615","-0.00013726520215","0.715481572339","-147.985524688","96.0263514055","-2.80140529191","0.000936908","0.000005126","398"
"56","ombia","0.0","-0.487796307951","1.57079632679","-0.629796311436","1.57079632679","-0.165796305696","1.57079632679","SIDE","0.715481572339","0.000137265202151","0.698631591615","-1.55190377059e-16","-148.285439524","96.026410332","-2.80855362057","0.000318067","0.000005560","399"
"57","ombia","0.0","-0.97679631488","1.57079632679","-0.986796315355","1.57079632679","-0.0317963025907","1.41700002167","SIDE","-0.350661092101","0.119099060371","0.928898386426","2.01690667293e-16","96.5377659054","81.8610140176","100.443921152","0.010219103","0.000037357","404"
"58","ombia","2.22044604925e-16","-0.661796312956","1.57079632679","-0.545796310706","1.57079632679","-0.0967963024185","1.57079632679","SIDE","5.701128635e-19","0.649093535629","-0.0048713133031","0.760693007928","-145.426130326","96.9447075235","-27.2384705024","0.000787633","0.000005621","414"
"59","ombia","0.0","-0.622796311104","1.57079632679","-0.437796308836","1.57079632679","-0.188796303529","1.57079632679","SIDE","-1.77583906181e-16","0.722866953334","-0.0166828238681","-0.690785821485","147.927191169","93.0441437208","6.09571566453","0.000188957","0.000004755","415"
"60","ombia","0.755","-0.412796307649","0.960000016261","-0.753796314067","0.0","0.184203701149","0.826000013156","SIDE","0.918709724037","0.00376969628784","-0.394915474943","-7.41125239568e-17","104.513824982","156.915568145","-118.036475263","0.003498108","0.000030462","427"
"61","ombia","0.0","-0.719796312452","1.57079632679","-0.778796311994","1.57079632679","-0.0287963024483","1.35100002179","SIDE","0.982773897463","0.0534565674988","0.176912017277","-1.7651297826e-18","-47.1598080385","107.095761645","-127.600507279","0.007526854","0.000030737","430"
"62","ombia","0.0","-0.485796307856","1.57079632679","-0.275796304401","1.57079632679","-0.197796303956","1.22300001897","SIDE","4.68190302203e-17","0.889240192024","-0.0906396948533","0.448370746823","-118.400045509","146.535205089","97.7327843308","0.005153424","0.000015627","432"
"63","ombia","0.0","-1.24779632123","1.57079632679","-0.141796304556","1.25000002026","-0.0227963021633","1.04800001718","SIDE","-0.0669219554288","0.982493359242","-0.173862735877","-2.03047886137e-16","-2.8775516802","120.52494454","144.580518146","0.003271475","0.000038683","433"
"64","ombia","0.755","-0.671796310172","1.26300002087","-0.521796309566","0.0","0.0132036995466","1.15900001919","SIDE","0.448370746823","0.0906396948533","0.889240192024","7.80317170338e-18","-120.234108353","146.722149964","99.1080173143","0.009415416","0.000041274","445"
"65","ombia","0.0","-0.366796308724","1.57079632679","-0.156796305268","1.57079632679","-0.426796308314","1.57079632679","SIDE","0.0","0.794740314181","-0.0335298898213","0.606022754939","-139.442250939","101.142197087","53.8237142865","0.002567102","0.000004859","447"
"66","ombia","0.0","-1.17279631767","1.57079632679","-1.57079632679","1.57079632679","0.23220370017","1.53479632834","SIDE","2.63822224818e-16","0.518382679938","-0.0245772635021","0.854795504936","-105.350666845","94.0464497758","-74.7230960585","0.007694287","0.000017337","453"
"67","ombia","0.0","-0.405796307316","1.57079632679","-0.539796310421","1.57079632679","-0.254796306663","1.56979633001","SIDE","0.760693007928","0.0048713133031","0.649093535629","-5.701128635e-19","-146.413652216","96.9521186719","-27.3957782169","0.007016908","0.000024802","455"
"68","ombia","0.755","0.142203699155","-3.74436181901e-16","-0.493796308236","0.982000017306","-0.389796306556","0.834000013536","TOP","0.505705340864","0.457058003813","-0.528793151992","0.505705340864","-2.8547089519","295.81489103","-2.15910465554","0.011943011","0.000096150","458"
"69","ombia","0.0","-0.529796309946","1.4850000249","-0.621796311056","1.57079632679","0.107203700752","1.24200001988","SIDE","-8.17064413688e-17","0.849246863241","0.0676567224208","-0.523643326307","127.485568413","165.056662973","77.9552836707","0.004672674","0.000019786","459"
"70","ombia","0.0","-1.13479631912","1.57079632679","-1.05679631868","1.57079632679","-0.441796309026","1.57079632679","SIDE","2.93076719421e-17","0.700996998583","-0.0640636316932","0.71028097192","-125.536844302","79.3379939719","-0.709611348455","0.001450571","0.000008474","461"
"71","ombia","0.0","-0.283796304781","1.57079632679","-0.427796308361","1.57079632679","-0.184796303339","1.14700001862","SIDE","-0.452485521942","-0.0573997313095","0.889922537797","3.50873488887e-16","119.868467414","142.790492312","97.4215414485","0.004681364","0.000012657","462"
"72","ombia","0.755","-0.378796306034","0.885000015958","-0.711796312072","0.0","0.146203699345","0.882000015816","SIDE","0.389767652267","-0.00126041828803","0.920912367488","1.17731307643e-17","-105.706267988","155.870885254","118.488869472","0.002943015","0.000040147","463"
"73","ombia","0.0","-0.073796301326","0.0","-0.439796308931","1.05800001766","-0.212796304669","1.16000001924","SIDE","-1.58358863439e-16","0.96398561199","0.196297503971","-0.179440881105","59.0585440747","149.146789564","147.37012392","0.000170625","0.000015654","469"
"74","ombia","0.755","-0.237796305856","1.23100001935","-0.320796306539","1.57079632679","-0.255796306711","1.03700001666","SIDE","0.897400338175","0.00967291929731","0.441111173828","-1.05351452879e-16","-114.315010881","158.279026628","-105.644899282","0.000077457","0.000004514","470"
"75","ombia","4.4408920985e-16","-0.624796311199","1.53479632834","-0.507796308901","1.57079632679","-0.207796304431","1.56279632967","SIDE","1.95384479614e-17","0.700996998583","-0.0640636316932","0.71028097192","-150.342462906","81.604962329","-0.933754471402","0.004459090","0.000031046","474"
"76","ombia","0.755","-0.199796304051","1.57079632679","-0.530796309994","1.57079632679","-0.355796308201","1.15900001919","SIDE","0.54246046659","-0.403001187378","0.499062448342","-0.54246046659","-145.943395517","169.64351893","-30.389493906","0.001413687","0.000004377","476"
"77","ombia","2.77555756156e-16","-0.247796306331","1.57079632679","-0.159796305411","1.57079632679","-0.545796310706","1.57079632679","SIDE","1.28559329264e-16","-0.557920363372","-0.00818209875313","0.829854156701","127.744608134","71.3871434224","-73.5475856204","0.002328189","0.000007108","480"
"78","ombia","0.0","-0.495796308331","1.57079632679","-0.627796311341","1.57079632679","-0.187796303481","1.57079632679","SIDE","0.701033416018","-0.00854853834757","-0.713077185246","1.23726161716e-18","148.256837906","88.1793795681","2.43930222988","0.000081779","0.000003728","484"
"79","ombia","0.0","-0.223796305191","1.57079632679","-0.197796303956","1.57079632679","-0.292796305209","1.49900002556","SIDE","0.897400338175","0.00967291929731","0.441111173828","-7.44225859787e-17","-107.42716359","158.127986267","-100.332203419","0.006343839","0.000013012","485"
"80","ombia","0.0","-0.208796304479","1.57079632679","-0.187796303481","1.57079632679","-0.265796307186","1.44200002286","SIDE","2.40275634994e-16","-0.394915474943","-0.00376969628784","0.918709724037","96.4593836051","156.83868385","-110.399063757","0.005107671","0.000014090","486"
"81","ombia","0.0","-0.289796305066","1.57079632679","-0.198796304004","1.57079632679","-0.382796306224","1.39700002398","SIDE","3.32507292331e-16","-0.471230784959","-0.0237645389633","0.881689737944","115.250595429","94.8362424898","-94.9486134353","0.006772221","0.000013410","487"
"82","ombia","0.0","-0.369796308866","1.57079632679","-0.237796305856","1.57079632679","-0.456796309739","1.54979632906","SIDE","-2.18636228993e-18","0.793429105491","-0.0139223657898","0.608503428331","-140.704425161","71.8764541645","53.269022796","0.007757234","0.000016046","489"
"83","ombia","0.0","-1.57079632679","1.57079632679","-1.00579631626","1.57079632679","-0.426796308314","1.57079632679","SIDE","-3.1260566356e-16","0.713077185246","-0.00854853834757","-0.701033416018","122.84238273","88.4840540818","2.00451094223","0.002151402","0.000007512","490"
"84","ombia","0.755","-0.511796309091","1.40100002091","0.00720369926164","1.36600002251","-0.337796307346","0.795000014943","SIDE","-0.275607350005","0.652074630248","-0.65029212961","0.275607350005","-102.978309747","155.874618909","115.84345236","0.005351243","0.000013971","491"
"85","ombia","0.0","-0.633796311626","1.57079632679","-0.482796307714","1.57079632679","-0.194796303814","1.57079632679","SIDE","-3.1260566356e-16","0.713077185246","-0.00854853834757","-0.701033416018","147.656968746","88.1865709418","2.42903964968","0.001873218","0.000005198","492"
"86","ombia","0.0","-0.416796307839","1.14700001862","-0.269796307376","0.758000013186","0.0652036987569","0.347000006703","SIDE","0.0395373951331","0.0452530020507","0.997409522001","-0.0395373951331","-9.68582223036","80.1739790844","159.983802863","0.007553053","0.000034928","496"
"87","ombia","0.0","-0.248796306378","1.57079632679","-0.217796304906","1.57079632679","-0.218796304954","1.31300001999","SIDE","1.07135489955e-17","0.920912367488","0.00126041828803","0.389767652267","-98.3120661564","155.881005422","111.318397519","0.005164778","0.000012309","497"
"88","ombia","0.0","-0.467796310261","1.57079632679","-0.437796308836","1.57079632679","-0.196796303909","1.57079632679","SIDE","0.751137240037","0.0199971831214","0.659843132341","9.00690472487e-17","-145.060577231","139.816508154","-23.5218166413","0.002417312","0.000005324","499"
"89","ombia","0.0","-0.560796311419","1.57079632679","-0.442796309074","1.57079632679","-0.336796307299","1.57079632679","SIDE","2.24869083349e-16","-0.674070865997","0.00481360951339","0.738650997953","146.642530146","68.8100152916","-18.8790345859","0.000420432","0.000004254","500"
"90","ombia","0.0","-0.345796307726","1.57079632679","-0.181796303196","1.57079632679","-0.436796308789","1.55679632939","SIDE","-3.59986639114e-17","0.795111102569","-0.01226687614","0.606339721873","-140.414318188","91.6132199017","53.9382551855","0.006829851","0.000014058","501"
"91","ombia","0.0","-0.210796304574","0.863000014913","-0.291796305161","1.09100001922","0.0642036987094","0.514000008116","SIDE","0.99956327903","-0.0269411513895","-0.0121418934842","-1.4361108561e-16","2.97782633727","149.085802125","-159.471733837","0.009634161","0.000031360","503"
"92","ombia","0.0","-0.671796310172","1.48200002476","-0.602796310154","1.57079632679","-0.104796302798","1.50279632682","SIDE","2.79304482022e-16","0.665269857752","-0.0440181021453","0.745304248646","-149.144706487","78.2821273635","-21.6930681162","0.001531196","0.000017404","504"
"93","ombia","0.0","-0.564796311609","1.54379632877","-0.557796311276","1.5507963291","0.0982037003243","1.28900002211","SIDE","0.512665627317","0.0299450879476","0.858065991795","-7.44421206299e-17","-125.562062189","159.879137452","80.1515409262","0.006092712","0.000037437","505"
"94","ombia","0.755","-0.234796305713","1.2720000213","-0.349796307916","1.57079632679","-0.204796304289","0.883000015863","SIDE","0.928627312874","0.00773680796736","0.370933222543","-1.97546426905e-16","-98.6726689042","157.873578075","-121.641267787","0.001228368","0.000005056","506"
"95","ombia","0.0","-0.310796306064","1.57079632679","-0.248796306378","1.57079632679","-0.264796307138","1.49400002533","SIDE","1.03105003719e-16","0.858065991795","-0.0299450879476","0.512665627317","-125.650042383","159.882207815","80.1989757201","0.005595062","0.000012468","509"
"96","ombia","0.0","-0.466796310214","1.37500002293","-0.519796309471","1.43500002252","0.0422036976644","1.27000002121","SIDE","-1.16957829629e-16","0.889922537797","0.0573997313095","-0.452485521942","116.163838194","142.551544862","94.7051782366","0.008372409","0.000030586","510"
"97","ombia","0.0","-0.515796309281","1.22000001883","-0.184796303339","1.1780000201","-0.0347963027332","0.978000017116","SIDE","1.41250703399e-16","0.173862735877","0.982493359242","0.0669219554288","-3.10816200906","119.221772152","154.401752717","0.006538440","0.000032382","511"
"98","ombia","3.33066907388e-16","-0.431796308551","1.57079632679","-0.441796309026","1.57079632679","-0.227796305381","1.57079632679","SIDE","2.28758654878e-16","-0.677326046954","-0.0128485828078","0.735570758009","145.142132693","138.398052596","-17.6271162927","0.001200431","0.000003823","512"
"99","ombia","0.0","-0.557796311276","1.57079632679","-0.650796312434","1.57079632679","-0.208796304479","1.57079632679","SIDE","0.700265275228","0.0157693051576","-0.713708535275","-7.92716034837e-17","148.27083381","72.5597136483","2.71786137386","0.000179732","0.000006114","513"
"100","ombia","0.0","-0.545796310706","1.57079632679","-0.542796310564","1.57079632679","-0.102796302703","1.56079632958","SIDE","0.71538633553","0.0199003995579","0.698445677941","0.0","-147.084174013","139.628721957","-2.75953503775","0.004032972","0.000012660","514"
"101","ombia","0.0","-0.539796310421","1.3470000216","-0.414796307744","1.22800001921","0.0142036995941","1.21200001845","SIDE","0.448370746823","0.0906396948533","0.889240192024","7.80317170338e-18","-118.400045509","146.535205089","97.7327843308","0.009128571","0.000032509","515"
"102","ombia","0.755","-0.324796306729","1.43000002229","-0.275796304401","1.39100002369","-0.0827963017535","0.625000010128","SIDE","-0.196744532942","0.970035676275","0.142556569513","-1.60947804969e-16","9.64346127673","109.436878033","133.874487551","0.006827948","0.000018874","517"
"103","ombia","0.0","-1.57079632679","1.57079632679","-0.721796312547","1.57079632679","-0.194796303814","1.57079632679","SIDE","0.95095627206","0.0196411708732","0.308701138702","-2.28023559934e-16","-71.4392639589","139.882161358","-108.613620756","0.000245290","0.000007853","520"
"104","ombia","0.0","-0.497796308426","1.57079632679","-0.571796308682","1.57079632679","-0.151796305031","1.57079632679","SIDE","0.713091615474","0.016938733896","-0.700866197811","-7.78457494474e-17","146.59188263","139.078964252","-1.92431158937","0.000990153","0.000005192","521"
"105","ombia","0.0","-1.31979632139","1.57079632679","-0.266796307233","1.4050000211","-0.0347963027332","1.16400001943","SIDE","0.0469677772144","0.203708575569","0.976775753204","-0.0469677772144","-8.03175438803","101.77210643","139.709838763","0.003567169","0.000038026","522"
"106","ombia","0.755","-0.406796307364","1.57079632679","-0.250796306473","1.57079632679","-0.198796304004","0.877000015578","SIDE","1.05958176878e-17","0.920912367488","0.00126041828803","0.389767652267","-102.834732998","155.874815417","115.704219881","0.000822031","0.000004649","524"
"107","ombia","0.0","-0.634796311674","1.57079632679","-1.53779632523","1.57079632679","0.0202036998791","1.57079632679","SIDE","-0.179440881105","-0.196297503971","0.96398561199","1.07971952345e-16","50.0256105602","147.307402876","122.941557187","0.000230665","0.000006339","526"
"108","ombia","0.0","-0.254796306663","1.57079632679","-0.322796306634","1.57079632679","-0.453796309596","1.50679632701","SIDE","0.59863552978","-0.026107753821","-0.800595957818","-9.27294630368e-17","140.52543563","65.6903683057","56.7550324932","0.007736623","0.000015157","527"
"109","ombia","0.755","-0.264796307138","1.56579632982","-0.448796309359","1.53679632844","-0.376796305939","1.31300001999","SIDE","0.505010091458","-0.420645129027","0.559452670454","-0.505010091458","-149.376010783","174.549519261","-2.42322410987","0.002283747","0.000016739","528"
"110","ombia","0.0","-0.540796310469","1.57079632679","-0.539796310421","1.57079632679","-0.108796302988","1.55679632939","SIDE","3.1138299779e-16","-0.700866197811","-0.016938733896","0.713091615474","146.891751734","139.086211574","-1.92941138092","0.004310454","0.000011891","529"
"111","ombia","2.22044604925e-16","-0.463796310071","1.57079632679","-0.462796310024","1.57079632679","-0.317796306396","1.52079632768","SIDE","0.745304248646","0.0440181021453","0.665269857752","-1.48962390412e-16","-149.739700666","78.3214956202","-21.759642228","0.004897098","0.000008543","535"
"112","ombia","0.0","-0.591796309632","1.57079632679","-0.554796311134","1.57079632679","-0.235796305761","1.57079632679","SIDE","-3.13544419522e-16","0.713708535275","0.0157693051576","-0.700265275228","148.370790877","72.5619221878","2.71978708284","0.000362540","0.000004009","536"
"113","ombia","0.755","-0.470796307144","1.57079632679","-0.508796308949","1.57079632679","-0.195796303861","1.37500002293","SIDE","0.767154948903","0.0679255690372","0.637855313879","0.0","-145.160461291","169.560143826","-30.2478511521","0.002457710","0.000007504","537"
"114","ombia","0.0","-0.565796311656","1.57079632679","-0.488796307999","1.57079632679","-0.157796305316","1.57079632679","SIDE","1.527672162e-16","0.698445677941","-0.0199003995579","0.71538633553","-147.084174013","139.628721957","-2.75953503775","0.000903818","0.000005208","539"
"115","ombia","0.0","-0.672796310219","1.57079632679","-1.46479632502","1.57079632679","0.115203701132","1.39300002379","SIDE","1.30722659141e-16","0.218849689305","-0.0277467903577","0.975363998267","-51.4654796967","74.9205417732","-118.600377676","0.007378949","0.000017548","541"
"116","ombia","0.0","-0.579796309062","1.57079632679","-0.656796312719","1.57079632679","-0.0337963026858","1.49600002542","SIDE","0.735570758009","0.0128485828078","-0.677326046954","-1.88666931858e-17","146.736440741","138.428295932","-17.7585221891","0.005281696","0.000012925","544"
"117","ombia","0.0","-0.642796312054","1.57079632679","-0.556796311229","1.57079632679","-0.0507963034932","1.52879632806","SIDE","3.69514039994e-17","0.659843132341","-0.0199971831214","0.751137240037","-145.754463123","139.837537035","-23.6117066616","0.004962279","0.000014532","545"
"118","ombia","0.755","-0.408796307459","1.55579632934","-0.462796310024","1.57079632679","-0.229796305476","1.3070000197","SIDE","9.38019063504e-18","-0.666443049232","-0.092950020088","0.739739113402","146.740651172","174.029816798","-19.5926989271","0.001825968","0.000014421","550"
"119","ombia","0.0","-0.206796304384","1.57079632679","-0.341796307536","1.57079632679","-0.285796304876","1.50779632706","SIDE","0.523643326307","0.0676567224208","-0.849246863241","-6.62559184401e-17","127.218746925","165.035406177","77.8198050622","0.006894521","0.000014188","551"
"120","ombia","0.0","-0.345796307726","1.26800002111","-0.362796308534","1.19900002109","-0.00479630130832","0.245000005118","SIDE","0.982773897463","0.0534565674988","0.176912017277","-1.7651297826e-18","-55.8217380626","109.713091174","-150.80888194","0.005425730","0.000029535","553"
"121","ombia","0.0","-0.575796308872","1.57079632679","-0.491796308141","1.57079632679","-0.140796304508","1.55579632934","SIDE","0.0","0.70521438977","0.0114707141706","0.708901324006","-148.984479824","113.904940746","-0.413692512854","0.006221403","0.000021474","554"
"122","ombia","0.0","-0.498796308474","1.57079632679","-0.604796310249","1.57079632679","-0.129796303986","1.57079632679","SIDE","0.705307672454","0.0115291592314","-0.708807566033","-1.57409747261e-16","147.272501825","118.72372959","1.09215576118","0.000941995","0.000006496","555"
"123","ombia","0.755","-0.573796308777","1.00800001528","-0.649796312386","1.2740000214","0.0392036975219","1.16400001943","SIDE","-1.2085642395e-16","0.889922537797","0.0573997313095","-0.452485521942","119.787931996","142.785297803","97.3624900743","0.009674243","0.000057139","557"
"124","ombia","0.755","0.0232037000216","-7.98851799639e-16","0.0362036973794","0.0","-0.358796308344","0.6000000122","TOP","0.48227388414","0.524050312244","0.510093198926","-0.48227388414","1.65298226349","323.738451074","2.05689636927","0.008493332","0.000026428","558"
"125","ombia","0.0","-0.748796313829","1.20100001793","-0.740796313449","1.42300002195","0.145203699297","1.17600002","SIDE","1.72820560094e-16","0.560396525332","-0.0136799152973","0.828111462493","-134.102439146","72.6445493504","-75.1786509178","0.008707166","0.000027751","560"
"126","ombia","0.755","0.305203703637","0.0","0.0922037000393","-5.06999394115e-15","-0.669796313336","0.880000015721","TOP","0.547076693062","0.333046338721","-0.538975249971","0.547076693062","21.6196254407","327.715484756","-7.81612375216","0.003405026","0.000018355","562"
"127","ombia","0.0","1.03220371209","1.57079632679","0.0592036984719","0.237000004738","-0.669796313336","0.880000015721","TOP","0.547076693062","0.333046338721","-0.538975249971","0.547076693062","21.6196254407","327.715484756","-7.81612375216","0.007296676","0.000015885","563"
"128","ombia","0.0","-0.456796309739","1.57079632679","-0.566796311704","1.57079632679","-0.178796303054","1.57079632679","SIDE","0.709123915084","0.0707416480337","-0.701526116613","-1.95703282778e-17","144.555043736","168.763141261","-0.485351572578","0.001319105","0.000005816","564"
"129","ombia","0.755","0.0452036978069","1.32300002046","-0.534796310184","1.40800002124","-0.343796307631","0.743000012473","SIDE","0.656638670128","-0.256818647649","0.267760146406","-0.656638670128","-97.0192669368","157.839091939","-119.901993984","0.004746514","0.000014080","570"
"130","ombia","0.755","-0.591796309632","1.57079632679","-0.515796309281","1.57079632679","-0.137796304366","1.35800002213","SIDE","3.03340088306e-16","-0.701526116613","-0.0707416480337","0.709123915084","147.440363805","169.054095927","-0.501920589883","0.000478042","0.000005488","571"
"131","ombia","2.9002408114e-16","-0.299796305541","0.493000010378","1.09820371523","1.57079632679","-0.340796307489","0.699000013643","TOP","0.497536538602","0.532649752071","0.470318006387","-0.497536538602","-2.29306196794","322.608399376","-5.92159397468","0.003819412","0.000031155","574"
"132","ombia","0.0","1.03220371209","1.57079632679","-0.638796311864","1.09400001937","-0.0207963020683","0.0980000046548","TOP","-0.497536538602","-0.470318006387","0.532649752071","-0.497536538602","-2.23723978667","323.506623025","-5.91274736021","0.002894127","0.000024835","575"
"133","ombia","0.0","-0.502796308664","1.57079632679","-0.433796308646","1.57079632679","-0.231796305571","1.57079632679","SIDE","-1.02744259192e-16","0.759775359063","0.00615910584923","-0.650156495911","143.784523829","117.325117313","18.3410337272","0.000576932","0.000006732","576"
"134","ombia","0.0","-0.579796309062","1.57079632679","-0.533796310136","1.57079632679","-0.132796304128","1.57079632679","SIDE","3.91581254853e-17","0.708807566033","0.0115291592314","-0.705307672454","147.072530846","118.720476948","1.09113932624","0.001133110","0.000006867","578"
"135","ombia","1.66533453694e-16","-1.05079631839","1.57079632679","-0.894796314244","1.57079632679","-0.506796308854","1.57079632679","SIDE","-1.02744259192e-16","0.759775359063","0.00615910584923","-0.650156495911","119.174794692","117.125618968","14.4901205615","0.001194052","0.000013264","581"
"136","ombia","0.755","-0.474796307334","1.27500002144","-0.210796304574","0.816000012681","0.0462036978544","0.47200000938","SIDE","2.08800105588e-17","-0.0121418934842","0.0269411513895","0.99956327903","3.01180879381","149.01039984","-160.869288821","0.010629253","0.000036951","582"
"137","ombia","0.0","-0.659796312861","1.31200001994","-0.160796305458","0.516000008211","-0.0207963020683","0.422000007005","SIDE","0.0469677772144","0.203708575569","0.976775753204","-0.0469677772144","-9.84068107212","104.534362628","164.400035703","0.005138760","0.000044958","583"
"138","ombia","0.0","-0.428796308409","1.39200002374","-0.565796311656","1.57079632679","0.116203701179","1.22900001926","SIDE","1.53929527866e-16","0.0286063427578","-0.194653765432","0.980454786697","-5.96033241176","215.613931919","-122.760483171","0.002796513","0.000014229","584"
"139","ombia","0.0","1.03220371209","1.57079632679","-0.460796309929","0.848000014201","-0.202796304194","0.391000008793","TOP","0.505705340864","0.457058003813","-0.528793151992","0.505705340864","-0.895033637118","322.746572684","-2.7790264863","0.003942914","0.000033986","585"
"140","ombia","-1.11022302463e-16","-0.481796307666","1.57079632679","-0.609796310486","1.57079632679","-0.116796303368","1.53279632825","SIDE","0.708901324006","-0.0114707141706","0.70521438977","7.83058930085e-17","-148.984479824","113.904940746","-0.413692512854","0.003855772","0.000017027","586"
"141","ombia","0.0","-0.563796311561","1.57079632679","-0.515796309281","1.53579632839","-0.220796305049","1.45700002357","SIDE","0.71028097192","0.0640636316932","0.700996998583","-9.76922398069e-18","-152.931568181","81.8415788724","-0.957149580033","0.003049743","0.000023798","588"
"142","ombia","2.22044604925e-16","-1.57079632679","1.57079632679","-0.00679630140332","1.30500001961","-0.102796302703","1.47900002461","SIDE","-0.0282059684807","0.958199881289","-0.284705832114","-2.20868597671e-16","-1.8812872279","150.136959499","139.430398837","0.003563631","0.000021225","591"
"143","ombia","0.0","-1.49779632333","1.57079632679","-0.408796307459","1.57079632679","-0.0607963039682","1.57079632679","SIDE","1.44781970984e-16","0.173862735877","0.982493359242","0.0669219554288","-2.52849463817","122.497455924","129.714873985","0.000311316","0.000001936","596"
"144","ombia","0.0","-0.468796310309","1.57079632679","-0.341796307536","1.32700002065","0.0372036974269","1.3280000207","SIDE","0.980454786697","0.194653765432","0.0286063427578","3.27321409829e-17","-5.98837963919","215.804781147","-123.221774788","0.003884427","0.000020475","597"
"145","ombia","0.755","-0.318796306444","0.988000017591","0.323203704492","0.0","-0.0947963023235","0.0","TOP","8.96864917773e-17","-0.145613729587","-0.616612378705","0.773683278987","21.1915215645","325.902646432","-7.44149762728","0.002506534","0.000010059","598"
"146","ombia","0.755","0.0532036981869","1.40900002129","-0.625796311246","1.5107963272","-0.344796307679","0.787000014563","SIDE","0.634557864563","-0.305072915442","0.3187524891","-0.634557864563","-111.702378828","158.221735449","-103.629738534","0.002810055","0.000015594","603"
"147","ombia","0.0","-0.626796311294","1.54379632877","-0.456796309739","1.57079632679","-0.168796305838","1.5337963283","SIDE","5.87668876334e-17","0.702113814019","-0.0716638595598","0.708449351327","-149.460250111","102.899479853","-0.251965727355","0.006174240","0.000025942","605"
"148","ombia","0.0","-0.597796309917","1.57079632679","-0.389796306556","1.52479632787","-0.122796303653","1.46200002381","SIDE","0.714192120475","0.0981517538229","0.693033800239","-7.77257962386e-17","-148.188108438","174.381281149","-2.39905518448","0.001410155","0.000017911","608"
"149","ombia","0.0","-0.421796308076","-5.06912733103e-16","-0.288796305019","0.0930000044173","0.167203700342","-7.24339669136e-16","TOP","0.519616356772","0.476487255017","0.482656792511","-0.519616356772","-0.98453830424","323.139932481","9.68878861776","0.000339680","0.000005279","609"
"150","ombia","0.0","-0.334796307204","1.57079632679","-0.245796306236","1.57079632679","-0.340796307489","1.466000024","SIDE","2.12248106906e-16","0.821395827163","-0.0135856041999","0.570196743658","-136.811431828","117.981265432","64.9396221249","0.009514017","0.000019528","611"
"151","ombia","0.0","-0.199796304051","1.56279632967","-0.335796307251","1.57079632679","-0.387796306461","1.45500002347","SIDE","0.578297258768","-0.00302400215641","-0.815820529229","-2.34727227109e-16","138.114520207","95.5514841857","62.826590523","0.004789333","0.000021733","614"
"152","ombia","0.0","-1.05579631863","1.57079632679","-1.10979631794","1.57079632679","-0.135796304271","1.57079632679","SIDE","3.05165739712e-16","0.655665011846","-0.0840626907493","0.75035781882","-124.653620924","103.166307714","-20.6513967379","0.001043324","0.000007567","617"
"153","ombia","0.0","-0.557796311276","1.34400002146","-0.0807963016585","1.57079632679","-0.414796307744","1.57079632679","SIDE","7.09644195427e-17","0.782239206478","-0.27683579695","0.558089388339","-121.503811892","215.305844837","65.6823926763","0.002031787","0.000015234","620"
"154","ombia","0.755","-0.619796310961","1.42000002181","-0.143796304651","1.53779632849","-0.378796306034","1.14300001843","SIDE","0.523074543395","0.536971988902","-0.405520809871","-0.523074543395","147.923836822","174.194837845","-19.7060124283","0.001756625","0.000025532","622"
"155","ombia","0.755","-0.513796309186","1.57079632679","-0.526796309804","1.49500002537","-0.122796303653","1.30800001975","SIDE","0.714192120475","0.0981517538229","0.693033800239","-5.8294347179e-17","-148.485084024","174.423340677","-2.40509741583","0.001526457","0.000016952","623"
"156","ombia","0.0","-0.454796309644","0.698000013595","1.09820371523","1.57079632679","-0.142796304603","0.383000008413","TOP","0.505705340864","0.528793151992","0.457058003813","-0.505705340864","-0.836990677396","323.544253045","-2.79738774114","0.003551086","0.000029023","625"
"157","ombia","0.0","-1.57079632679","1.57079632679","-1.07479631627","1.57079632679","0.189203701387","1.54479632882","SIDE","0.881689737944","0.0237645389633","-0.471230784959","-2.24294859916e-16","97.7921525673","93.9557994906","-83.2932400925","0.008633619","0.000020132","626"
"158","ombia","0.0","-1.57079632679","1.57079632679","-0.582796309204","1.57079632679","0.0952037001818","1.09600001946","SIDE","0.0395373951331","0.0452530020507","0.997409522001","-0.0395373951331","-7.81030904442","78.1201914231","135.22956067","0.002703828","0.000006300","628"
"159","ombia","0.0","-0.225796305286","1.57079632679","-0.330796307014","1.57079632679","-0.362796308534","1.51879632758","SIDE","0.583915716315","0.0194148268596","-0.81158209735","1.48542283373e-16","137.263961021","118.892107146","60.7972211892","0.009655517","0.000022788","629"
"160","ombia","0.755","0.131203698632","0.0","-0.256796306758","0.402000006055","-0.213796304716","0.41600000672","TOP","0.505705340864","0.457058003813","-0.528793151992","0.505705340864","-1.04739640638","320.652661735","-2.73082819235","0.012358659","0.000061106","630"
"161","ombia","0.0","-0.0787963015635","-7.66959296572e-16","-1.05279631849","1.57079632679","0.0392036975219","-3.61255788065e-16","SIDE","1.7883089441e-16","-0.142556569513","0.970035676275","0.196744532942","10.827054238","101.383040861","153.340993209","0.000029784","0.000014871","636"
"162","ombia","0.755","0.109203700847","0.0","-0.760796314399","1.52479632787","-0.0477963033507","0.125000002678","TOP","-0.497536538602","-0.470318006387","0.532649752071","-0.497536538602","-3.80150125909","298.336401889","-6.16064914172","0.011532169","0.000078825","637"
"163","ombia","0.0","-0.355796308201","1.41100002138","-0.375796305891","1.4050000211","-0.0697963043957","0.44000000786","SIDE","0.975363998267","0.0277467903577","0.218849689305","5.33561874047e-17","-63.7222443582","76.4745119004","-144.51602952","0.005400354","0.000030877","638"
"164","ombia","0.0","-0.731796313022","1.42000002181","-0.739796313402","1.21600001864","0.143203699202","1.18000002019","SIDE","0.829854156701","0.00818209875313","-0.557920363372","-1.12881362281e-16","133.115320856","71.4659068172","-75.736017241","0.009522968","0.000028450","639"
"165","ombia","0.0","-0.588796309489","1.41100002138","-0.534796310184","1.34200002137","0.184203701149","1.02900001628","SIDE","1.5271128032e-16","0.441111173828","-0.00967291929731","0.897400338175","-111.544037492","158.218263257","-103.50760758","0.003345938","0.000033717","640"
"166","ombia","0.755","-0.568796311799","0.0","0.0622036986144","1.30500001961","-0.335796307251","0.686000013025","SIDE","0.649625875809","0.281912988136","-0.27658183252","-0.649625875809","102.482073808","156.896173906","-116.109920823","0.001945255","0.000010012","641"
"167","ombia","0.0","-0.716796312309","1.53079632815","-0.714796312214","1.41000002134","0.0442036977594","1.35900002217","SIDE","0.608503428331","0.0139223657898","0.793429105491","0.0","-142.152838244","71.901869588","53.6581935534","0.010796256","0.000028061","648"
"168","ombia","0.755","0.105203700657","1.33148074422e-14","0.111203700942","0.0","-0.674796310314","1.15400001896","TOP","0.519616356772","0.482656792511","-0.476487255017","0.519616356772","-0.994155682627","324.635093381","9.56878166093","0.003491040","0.000001686","651"
"169","ombia","0.755","0.0992037003718","0.0","-0.352796308059","0.521000008448","-0.0207963020683","0.0970000046073","TOP","-0.497536538602","-0.470318006387","0.532649752071","-0.497536538602","-2.26204964501","323.107412514","-5.91667918886","0.010656525","0.000047661","652"
"170","ombia","0.0","-0.645796312197","1.29500002239","-0.533796310136","1.57079632679","-0.073796301326","1.41200002143","SIDE","3.1441318637e-16","0.655665011846","-0.0840626907493","0.75035781882","-149.164232326","106.3088087","-23.791892917","0.005763491","0.000013766","653"
"171","ombia","2.77555756156e-16","-0.526796309804","1.57079632679","-0.637796311816","1.48900002509","-0.0677963043007","1.5317963282","SIDE","0.739739113402","0.092950020088","-0.666443049232","-3.18926481591e-16","144.768675087","173.754781719","-19.4038430917","0.006019421","0.000025622","655"
"172","ombia","0.0","-0.207796304431","1.57079632679","-0.216796304859","1.56379632972","-0.232796305618","1.31900002027","SIDE","0.928627312874","0.00773680796736","0.370933222543","-1.98480452564e-16","-93.0235462535","157.755750459","-115.698749738","0.007488734","0.000028035","657"
"173","ombia","0.755","-0.0377963028757","0.0","0.00520369916664","-6.41842553771e-16","-0.200796304099","0.321000005468","TOP","0.513545593105","0.499155823316","-0.472636553446","0.513545593105","-3.65251460718","319.668650121","-6.84280358989","0.005680536","0.000024639","660"
"174","ombia","0.0","-0.557796311276","1.54079632863","-0.445796309216","1.57079632679","-0.184796303339","1.57079632679","SIDE","0.0","0.693033800239","-0.0981517538229","0.714192120475","-145.713311887","174.030785081","-2.3487032566","0.003102602","0.000020107","661"
"175","ombia","0.0","-0.608796310439","1.2510000203","-0.085796301896","0.402000006055","0.00220369902416","0.20000000624","SIDE","-0.0669219554288","0.982493359242","-0.173862735877","-2.03047886137e-16","-3.45721905108","117.249260768","169.267396878","0.001873930","0.000021922","665"
"176","ombia","0.0","-0.641796312006","1.57079632679","-0.539796310421","1.57079632679","-0.0527963035882","1.51479632739","SIDE","1.2899688698e-16","0.650135134426","0.00527030925847","0.759800322996","-145.782386268","114.97774817","-26.9701929861","0.005080146","0.000017921","668"
"177","ombia","0.0","-0.450796309454","0.861000014818","-0.449796309406","1.40100002091","0.0392036975219","1.12200001744","SIDE","7.59460524123e-17","0.347813857969","-0.0445950862585","0.936502428447","-94.0069101273","106.291771883","-120.115067802","0.006458751","0.000016015","670"
"178","ombia","0.0","-0.0697963043957","-7.32613524039e-16","-0.563796311561","1.11100001691","0.0372036974269","0.0","SIDE","1.64524422857e-16","-0.142556569513","0.970035676275","0.196744532942","12.2243670217","91.8749329169","176.322540161","0.004464583","0.000024294","675"
"179","ombia","0.0","-0.578796309014","1.57079632679","-0.672796310219","1.57079632679","-0.0457963032557","1.35600002203","SIDE","0.650156495911","0.00615910584923","-0.759775359063","-4.135652577e-17","148.724252988","117.365161142","19.1139990837","0.005996551","0.000017319","678"
"180","ombia","0.0","-0.193796303766","0.0","-0.175796302911","0.0530000025174","-0.320796306539","0.854000014486","TOP","0.513545593105","0.472636553446","0.499155823316","-0.513545593105","-3.05028888037","297.600230693","-5.62860410053","0.011469960","0.000082266","679"
"181","ombia","0.0","-0.603796310202","1.43300002243","-0.611796310581","1.05600001756","0.108203700799","1.14700001862","SIDE","0.881689737944","0.0237645389633","-0.471230784959","-2.24294859916e-16","118.49133365","94.9996754661","-97.1121519693","0.006072273","0.000022977","680"
"182","ombia","0.755","-0.698796311454","1.34200002137","-0.520796309519","1.57079632679","0.106203700704","0.771000013803","SIDE","-7.35357972319e-17","0.849246863241","0.0676567224208","-0.523643326307","127.930270893","165.092090967","78.1810813517","0.001584137","0.000021426","684"
"183","ombia","1.11022302463e-16","-0.578796309014","1.57079632679","-0.349796307916","1.57079632679","-0.256796306758","1.48100002471","SIDE","2.95435569003e-16","-0.658849100081","0.0322423135223","0.751583858622","149.13433895","83.3656911828","-24.2242890722","0.002381291","0.000013883","687"
"184","ombia","0.0","-0.98479631526","1.57079632679","-1.57079632679","1.57079632679","-0.389796306556","1.57079632679","SIDE","0.751137240037","0.0199971831214","0.659843132341","9.23785099986e-17","-120.457367556","139.070884133","-20.334573548","0.000027912","0.000003341","688"
"185","ombia","0.0","-0.432796308599","1.57079632679","-0.518796309424","1.57079632679","-0.201796304146","1.51779632754","SIDE","0.759800322996","-0.00527030925847","0.650135134426","-3.71008745738e-17","-147.066715849","114.967336774","-27.1711639788","0.006622053","0.000016883","690"
"186","ombia","0.0","-0.729796312927","1.57079632679","-1.57079632679","1.57079632679","-0.121796303606","1.52879632806","SIDE","0.975363998267","0.0277467903577","0.218849689305","5.24669176146e-17","-53.0877614186","75.1262222609","-122.030523352","0.004279221","0.000020404","693"
"187","ombia","0.0","-0.353796308106","1.36100002227","-0.367796308771","1.29400002235","-0.0367963028282","0.370000007795","SIDE","0.978515186562","0.0532968334023","0.199166958145","-1.95009321243e-17","-60.1395129673","103.018231097","-146.607827975","0.005371234","0.000026360","695"
"188","ombia","0.0","-0.415796307791","1.57079632679","-0.672796310219","1.57079632679","-0.0727963012785","1.5107963272","SIDE","0.983768758494","-0.0358049559585","0.175832405832","-1.22552460158e-16","-43.2028425364","128.323185033","-129.184456009","0.002286802","0.000024950","696"
"189","ombia","2.22044604925e-16","-0.565796311656","1.57079632679","-0.347796307821","1.57079632679","-0.244796306188","1.49500002537","SIDE","2.95914003676e-16","-0.653887233932","0.0233716520459","0.756230950955","148.318587048","91.3882586637","-25.9752502835","0.004066596","0.000013016","697"
"190","ombia","0.0","-0.851796315462","1.57079632679","-1.03179631749","1.57079632679","0.0712036990419","1.57079632679","SIDE","-1.24755018271e-16","0.889922537797","0.0573997313095","-0.452485521942","96.1024668656","141.257592551","79.9954818484","0.000033832","0.000006645","698"
"191","ombia","0.0","-0.202796304194","1.07900001865","-0.326796306824","1.29600002244","-0.0267963023533","0.458000008715","SIDE","0.983768758494","-0.0358049559585","0.175832405832","-1.21670787783e-16","-51.8206277988","126.568335463","-152.490300344","0.010143301","0.000031406","702"
"192","ombia","0.0","-1.57079632679","1.57079632679","-0.934796316144","1.57079632679","-0.471796307192","1.57079632679","SIDE","2.2640031823e-16","-0.677326046954","-0.0128485828078","0.735570758009","120.320750826","137.927201694","-15.5812908721","0.000003868","0.000003419","703"
"193","ombia","0.0","-0.616796310819","1.57079632679","-0.365796308676","1.57079632679","0.0672036988519","1.44900002319","SIDE","2.09342443525e-17","-0.0121418934842","0.0269411513895","0.99956327903","2.32706233223","150.529755788","-132.708557449","0.003388938","0.000020286","704"
"194","ombia","0.0","-0.715796312262","1.57079632679","-0.648796312339","1.57079632679","-0.0707963011835","1.4640000239","SIDE","0.973636282159","0.0575721951329","0.220721164393","-2.44092296645e-16","-57.244487111","128.208790942","-123.530977808","0.007843017","0.000027648","718"
"195","ombia","0.0","-0.394796306794","1.57079632679","-0.632796311579","1.57079632679","0.0922037000393","1.35700002208","SIDE","0.99956327903","-0.0269411513895","-0.0121418934842","-1.43665319403e-16","2.37318138039","150.427424116","-134.605239213","0.003479883","0.000021620","720"
"196","ombia","0.0","-0.638796311864","1.57079632679","-0.593796309727","1.57079632679","0.0682036988994","1.21700001869","SIDE","0.999404092746","0.0336721981416","-0.00759226416343","-3.03215195344e-17","1.38765130342","76.4896680867","-134.018589812","0.006732690","0.000018492","723"
"197","ombia","0.0","0.326203704634","2.29068106905e-16","0.218203702764","-4.97099655236e-16","-1.57079632679","1.57079632679","TOP","0.529575766668","0.47941199691","0.457452895863","-0.529575766668","6.6685384509","291.831410596","-62.8634188696","0.002199037","0.000008697","727"
"198","ombia","0.0","-0.343796307631","1.34000002127","-0.332796307109","1.19000002067","-0.0357963027807","0.429000007338","SIDE","0.973636282159","0.0575721951329","0.220721164393","-2.45873992241e-16","-67.9509114215","131.001420055","-145.848724135","0.005422967","0.000036024","728"
"199","ombia","0.0","-0.248796306378","0.457000008668","-0.260796306948","1.26700002106","0.0932037000868","0.0","SIDE","1.53044875407e-16","0.0286063427578","-0.194653765432","0.980454786697","-7.35259669485","225.087687005","-145.658997637","0.007026145","0.000016836","732"
"200","ombia","0.0","-0.282796304734","1.16900001967","-0.189796303576","0.872000015341","0.0452036978069","0.578000011155","SIDE","2.08800105588e-17","-0.0121418934842","0.0269411513895","0.99956327903","2.9317072891","149.188133796","-157.575052073","0.008590839","0.000026634","733"
"201","ombia","0.0","-0.683796310742","1.13200001791","-0.671796310172","1.46200002381","0.141203699107","1.13500001805","SIDE","2.67881028277e-16","0.518382679938","-0.0245772635021","0.854795504936","-127.346706051","95.0893134216","-86.1738206935","0.008209240","0.000027810","738"
"202","ombia","0.0","-0.444796309169","1.11300001701","-0.509796308996","1.33400002099","0.159203699962","0.997000018018","SIDE","0.389767652267","-0.00126041828803","0.920912367488","1.18908620719e-17","-102.11684925","155.875797958","115.008057483","0.004062755","0.000029691","739"
"203","ombia","0.755","-0.219796305001","0.788000014611","-0.477796307476","1.19000002067","0.0672036988519","0.407000006293","SIDE","0.99956327903","-0.0269411513895","-0.0121418934842","-1.4361108561e-16","3.05307320533","148.918839923","-162.566319873","0.011505224","0.000037143","744"
"204","ombia","0.755","-0.0537963036357","0.014000000665","0.00220369902416","0.0380000018049","-1.57079632679","1.57079632679","TOP","0.513545593105","0.499155823316","-0.472636553446","0.513545593105","-2.97402329224","294.80549624","-5.47483843752","0.007769725","0.000030471","748"
"205","ombia","0.0","-0.479796307571","1.15200001886","-0.544796310659","1.33500002103","0.197203701767","0.919000014313","SIDE","0.918709724037","0.00376969628784","-0.394915474943","-7.43485511032e-17","101.466198221","156.886476787","-115.146643604","0.004045090","0.000030729","749"
"206","ombia","0.0","-0.590796309584","1.27500002144","-0.495796308331","1.49800002552","-0.0127963016883","0.487000010093","SIDE","-0.350661092101","0.119099060371","0.928898386426","1.86750617864e-16","112.765560903","79.7803611019","119.227894452","0.006713373","0.000039241","751"
"207","ombia","0.755","-0.591796309632","0.724000011571","0.298203703305","1.57079632679","-0.437796308836","1.52679632796","TOP","0.547076693062","0.538975249971","0.333046338721","-0.547076693062","15.9618950896","303.757396602","-2.86514406094","0.001727855","0.000017876","754"
"208","ombia","0.0","-0.215796304811","1.3090000198","-0.198796304004","0.497000010568","0.0432036977119","0.34800000675","SIDE","0.980454786697","0.194653765432","0.0286063427578","3.18474885239e-17","-7.38064392229","225.278536233","-146.120289254","0.005201813","0.000017024","756"
"209","ombia","0.0","-0.294796305304","0.992000017781","-0.271796304211","0.787000014563","0.0462036978544","0.31600000523","SIDE","0.999404092746","0.0336721981416","-0.00759226416343","-3.03757619665e-17","1.76567250415","78.1662173345","-158.869231305","0.009407833","0.000044212","757"
"210","ombia","0.755","-0.0667963042532","-3.18956289493e-15","-0.093796302276","0.0800000037998","-1.57079632679","1.57079632679","TOP","0.513545593105","0.472636553446","0.499155823316","-0.513545593105","-2.87869130707","291.312078175","-5.28263135875","0.005540276","0.000013065","761"
"211","ombia","0.0","-0.525796309756","1.32600002061","-0.474796307334","1.1950000209","0.188203701339","0.925000014598","SIDE","1.23291387004e-16","0.370933222543","-0.00773680796736","0.928627312874","-96.3303494504","157.824722715","-119.177296567","0.004932418","0.000034963","762"
"212","ombia","0.0","-0.312796306159","4.54768897841e-16","-0.260796306948","0.135000003153","0.00320369907166","0.141000003438","TOP","-0.48227388414","-0.510093198926","0.524050312244","-0.48227388414","1.31090515647","298.392463514","0.287150782301","0.011924033","0.000064846","763"
"213","ombia","0.755","-0.0727963012785","0.401000006008","-0.568796311799","1.10400001658","-0.202796304194","1.0820000188","SIDE","-1.58358863439e-16","0.96398561199","0.196297503971","-0.179440881105","59.992627642","149.33699808","149.896249317","0.006105354","0.000056078","764"
"214","ombia","0.0","0.00720369926165","-4.19208349669e-16","0.0562036983294","-4.44354361702e-16","-0.123796303701","0.0390000018524","TOP","2.91071017265e-17","-0.0507244097263","-0.69710203751","0.715175351615","-1.40290945696","315.766870589","-2.61836553106","0.004054411","0.000006713","768"
"215","ombia","0.755","0.0812036995168","-1.49962025699e-16","0.0152036996416","0.0","-0.128796303938","0.0730000034673","TOP","-1.36976576741e-16","0.0440752000565","0.709205303317","-0.703622920666","-2.66520984307","316.62024172","-5.98057140452","0.003057492","0.000022462","769"
"216","ombia","0.755","0.0222036999741","0.0","0.0692036989469","0.0","-0.123796303701","0.0390000018524","TOP","2.91071017265e-17","-0.0507244097263","-0.69710203751","0.715175351615","-1.40290945696","315.766870589","-2.61836553106","0.002422636","0.000009189","770"
"217","ombia","0.755","-0.173796302816","1.94635673359e-15","-0.0257963023058","-1.16438895018e-15","0.203203702052","-3.17096937665e-16","TOP","0.529575766668","0.457452895863","-0.47941199691","0.529575766668","6.6662126492","291.732182401","-62.8512386718","0.001848809","0.000020997","771"
"218","ombia","0.0","-0.403796307221","1.2110000184","-0.153796305126","1.12700001767","-0.272796304259","1.48600002495","SIDE","-1.04580346004e-16","0.928898386426","-0.119099060371","-0.350661092101","105.208658919","80.7492721677","110.480640427","0.002608852","0.000019280","774"
"219","ombia","0.0","-0.720796312499","1.57079632679","-1.51879632433","1.57079632679","0.111203700942","1.57079632679","SIDE","0.291428713516","0.00718150502991","0.956565591543","-6.75525547348e-17","-66.247414879","136.420224464","107.626397085","0.001278028","0.000003977","776"
"220","ombia","0.0","-0.482796307714","3.3701196344e-16","-0.370796305654","0.279000006733","0.159203699962","0.0","TOP","0.519616356772","0.476487255017","0.482656792511","-0.519616356772","-0.824825717132","298.310295349","11.6817040233","0.006470591","0.000050614","777"
"221","ombia","0.0","-0.563796311561","1.57079632679","-1.57079632679","1.57079632679","0.0382036974744","1.43500002252","SIDE","-3.80252553167e-17","-0.0145369204316","-0.0624212859674","0.997944016968","2.90153373648","129.056624698","-132.03400308","0.002183096","0.000010858","783"
"222","ombia","0.0","-0.263796307091","1.03200001642","-0.177796303006","0.762000013376","0.0142036995941","0.421000006958","SIDE","2.01269981529e-16","-0.0447315257756","0.052162026895","0.997636313269","11.856563429","122.013257066","-161.204355557","0.010956721","0.000044686","788"
"223","ombia","0.0","-0.254796306663","1.35257886164e-14","-0.188796303529","0.00500000023749","0.00220369902415","0.171000004862","TOP","-0.48227388414","-0.510093198926","0.524050312244","-0.48227388414","1.64625111182","323.239710635","2.02207256574","0.007483317","0.000027382","791"
"224","ombia","0.0","-0.597796309917","1.57079632679","-1.50879632385","1.57079632679","0.0652036987569","1.48000002466","SIDE","1.56007456994e-16","0.199166958145","-0.0532968334023","0.978515186562","-48.2864315862","99.8463610765","-118.783167006","0.006913952","0.000016693","793"
"225","ombia","0.0","-0.152796305078","8.81637785046e-16","-0.126796303843","-1.33366454338e-15","-0.153796305126","0.435000007623","TOP","0.513545593105","0.472636553446","0.499155823316","-0.513545593105","-3.72878019531","322.463384573","-6.9965692529","0.003095188","0.000021931","794"
"226","ombia","0.0","-0.285796304876","1.51179632725","-0.511796309091","1.57079632679","-0.231796305571","1.5337963283","SIDE","1.87603812701e-17","-0.666443049232","-0.092950020088","0.739739113402","146.346255955","173.974809782","-19.55492776","0.001620852","0.000019006","799"
"227","ombia","0.755","-0.374796305844","0.612000009511","0.147203699392","1.40750406104e-16","0.0482036979494","0.0","TOP","4.89835825706e-17","0.00436252179867","-0.678217260142","0.734848498977","-0.996720316863","325.033802954","9.53677980577","0.002136584","0.000022244","801"
"228","ombia","0.0","-0.291796305161","0.697000013548","-0.300796305589","1.31700002018","0.0142036995941","0.903000013554","SIDE","2.13580703695e-16","0.176912017277","-0.0534565674988","0.982773897463","-52.5530853917","108.725419705","-142.051005161","0.004113808","0.000011454","804"
"229","ombia","0.0","-0.288796305019","1.46900002414","-0.335796307251","1.47000002419","-0.159796305411","0.773000013898","SIDE","0.936502428447","0.0445950862585","0.347813857969","-9.26171370882e-17","-96.6127377732","106.625879067","-123.13136157","0.008463554","0.000040730","808"
"230","ombia","0.0","0.0662036988044","-4.91942452763e-15","0.00520369916665","0.0480000022799","-0.128796303938","0.0730000034673","TOP","-1.41868597339e-16","0.0440752000565","0.709205303317","-0.703622920666","-2.66520984307","316.62024172","-5.98057140452","0.008413820","0.000023256","809"
"231","ombia","0.0","-0.696796311359","1.57079632679","-0.712796312119","1.44400002295","0.0712036990418","1.32200002042","SIDE","0.606339721873","0.01226687614","0.795111102569","-9.15512364253e-17","-141.378533137","91.6280956911","54.2029594853","0.003925097","0.000016398","810"
"232","ombia","0.0","-0.185796303386","0.21200000355","-0.221796305096","0.422000007005","0.0442036977594","0.0","TOP","1.67199237005e-17","0.0187519555569","-0.687160979514","0.726263142667","-3.69881871426","321.365453181","-6.93616131386","0.009969812","0.000040388","814"
"233","ombia","0.0","-1.27679631935","1.57079632679","-0.621796311056","1.57079632679","0.0532036981869","1.25000002026","SIDE","3.14768833378e-16","-0.00759226416343","-0.0336721981416","0.999404092746","1.38158111114","76.4627463789","-133.619542955","0.007749153","0.000017025","817"
"234","ombia","0.0","-1.57079632679","1.57079632679","-0.791796312612","1.57079632679","0.151203699582","1.57079632679","SIDE","2.46265444729e-17","0.308701138702","-0.0196411708732","0.95095627206","-68.738500606","139.710324757","-104.893897341","0.001540761","0.000001925","818"
"235","ombia","0.0","-0.573796308777","1.57079632679","-0.318796306444","1.57079632679","0.0112036994516","1.3300000208","SIDE","2.01269981529e-16","-0.0447315257756","0.052162026895","0.997636313269","9.63330634887","124.605826704","-136.529594958","0.002539622","0.000021491","819"
"236","ombia","0.0","-0.481796307666","1.57079632679","-0.619796310961","1.57079632679","-0.165796305696","1.55879632948","SIDE","0.690785821485","-0.0166828238681","-0.722866953334","-1.60718849475e-16","149.125622225","93.0164854994","6.15047154515","0.004687783","0.000023969","820"
"237","ombia","0.0","-0.629796311436","1.57079632679","-1.57079632679","1.57079632679","-0.0357963027807","1.43400002248","SIDE","1.37283573772e-16","-0.158027617503","-0.0599576205411","0.985612680441","40.0284790831","128.788242669","-129.221733645","0.004684905","0.000012935","822"
"238","ombia","0.0","-0.782796312184","1.24962820505e-15","-0.905796314767","4.71364469202e-15","-0.132796304128","1.10500001663","SIDE","0.69328622832","0.117413258571","0.157868736469","-0.69328622832","-7.1506566573","223.713572563","-142.33769799","0.003760825","0.000027371","824"
"239","ombia","0.0","-0.298796305494","1.06200001785","-0.289796305066","1.23900001973","-0.0117963016408","-2.68031548331e-16","SIDE","1.37283573772e-16","-0.158027617503","-0.0599576205411","0.985612680441","47.7881445424","131.732355125","-152.708493613","0.006374764","0.000031314","825"
"240","ombia","0.0","-0.307796305921","1.21400001855","-0.314796306254","1.03500001656","0.0132036995466","0.261000005878","SIDE","0.989255538975","0.061194844471","0.132773000331","-3.57727174786e-16","-42.1622391655","132.20106038","-155.293657667","0.004979347","0.000033691","826"
"241","ombia","0.0","-0.305796305826","1.5317963282","-0.335796307251","1.48700002499","-0.121796303606","1.02500001609","SIDE","0.95095627206","0.0196411708732","0.308701138702","-2.28935654174e-16","-86.0644871298","140.812694069","-128.756735115","0.009768417","0.000040869","827"
"242","ombia","0.0","-1.00579631626","1.57079632679","-0.870796313104","1.57079632679","0.308203703779","1.39800002403","SIDE","1.23291387004e-16","0.370933222543","-0.00773680796736","0.928627312874","-79.2314185049","157.468078616","-101.190307783","0.009289016","0.000020650","830"
"243","ombia","0.755","-0.0417963030657","1.53016753438e-16","-0.0607963039682","7.27695126011e-16","-0.181796303196","0.504000007641","TOP","0.513545593105","0.472636553446","0.499155823316","-0.513545593105","-3.55718262201","316.175232055","-6.65059651112","0.007113673","0.000024879","831"
"244","ombia","0.755","0.147203699392","0.0","-0.398796306984","0.693000013358","0.0372036974269","0.0","TOP","0.734848498977","0.678217260142","0.00436252179867","-2.74426095124e-16","-0.99864379254","325.332835134","9.5127784144","0.001738975","0.000016652","833"
"245","ombia","0.0","-0.385796306366","1.55179632915","-0.621796311056","1.57079632679","0.106203700704","1.12300001748","SIDE","0.997636313269","-0.052162026895","-0.0447315257756","5.65120898462e-18","9.88321078436","124.31440982","-139.303152804","0.003448467","0.000035269","836"
"246","ombia","0.0","-0.264796307138","0.802000012016","-0.285796304876","1.00800001528","0.0362036973794","0.32400000561","SIDE","3.14768833378e-16","-0.00759226416343","-0.0336721981416","0.999404092746","1.75960231187","78.1392956267","-158.470184447","0.010039803","0.000039536","838"
"247","ombia","0.755","-0.134796304223","0.1360000032","0.134203698775","1.60780554719e-15","-0.343796307631","0.706000010716","TOP","0.497536538602","0.532649752071","0.470318006387","-0.497536538602","-2.3116693617","322.308991493","-5.92454284617","0.000859361","0.000022116","844"
"248","ombia","1.56125112838e-16","-0.553796311086","1.57079632679","-0.592796309679","1.57079632679","0.0302036970945","1.35700002208","SIDE","6.16839953201e-17","-0.0221506169842","-0.052834852176","0.998357565486","4.39412591784","106.813568736","-132.872471336","0.002657905","0.000021679","846"
"249","ombia","0.0","-0.661796312956","1.57079632679","-0.653796312576","1.57079632679","-0.00179630116583","1.36000002222","SIDE","0.989255538975","0.061194844471","0.132773000331","-3.55973610204e-16","-35.618560222","129.185090159","-131.448484371","0.006363620","0.000022431","849"
"250","ombia","0.0","-0.882796313674","1.57079632679","-1.03479631763","1.57079632679","0.322203704444","1.38300002331","SIDE","0.918709724037","0.00376969628784","-0.394915474943","-7.38764968105e-17","83.3908701546","156.713937342","-98.0071907118","0.008593467","0.000019331","853"
"251","ombia","0.0","-0.881796313627","1.57079632679","-0.481796307666","1.57079632679","-0.0257963023058","1.35600002203","SIDE","0.0395373951331","0.997409522001","-0.0452530020507","0.0395373951331","-7.7350174626","78.0377430975","134.23581343","0.005709393","0.000009478","855"
"252","ombia","0.0","-0.319796306491","0.957000016118","-0.218796304954","0.961000016308","-0.0157963018308","0.453000008478","SIDE","0.0395373951331","0.997409522001","-0.0452530020507","0.0395373951331","-9.61053064855","80.0915307589","158.990055623","0.006639604","0.000043576","859"
"253","ombia","0.755","-0.089796302086","-4.57847343769e-16","-0.089796302086","0.0710000033723","0.00220369902416","0.169000004767","TOP","-0.48227388414","-0.510093198926","0.524050312244","-0.48227388414","1.62067273547","321.344496967","1.88974211234","0.008469234","0.000029342","863"
"254","ombia","0.755","-0.112796303178","0.23600000469","-0.129796303986","0.183000005432","0.00320369907165","0.14000000339","TOP","-0.48227388414","-0.510093198926","0.524050312244","-0.48227388414","1.28532678012","296.497249846","0.154820328898","0.011697336","0.000153428","865"
"255","ombia","0.0","-1.52579632466","1.57079632679","-0.973796314737","1.57079632679","0.318203704254","1.46100002376","SIDE","1.49811699048e-16","0.441111173828","-0.00967291929731","0.897400338175","-91.8938788574","157.787364178","-88.3511570841","0.009285010","0.000017185","866"
"256","ombia","0.0","-0.384796306319","1.53779632849","-0.293796305256","1.46900002414","-0.081796301706","0.831000013393","SIDE","-7.38997746428e-17","0.956565591543","-0.00718150502991","0.291428713516","-82.8119688359","136.544584392","132.289815433","0.008654341","0.000031782","867"
"257","ombia","0.0","-0.259796306901","0.796000014991","-0.272796304259","1.21400001855","0.0292037003066","0.445000008098","SIDE","-3.79166117301e-17","-0.0145369204316","-0.0624212859674","0.997944016968","3.62427410907","132.160059411","-156.739355523","0.006443003","0.000025584","869"
"258","ombia","0.755","-0.116796303368","1.55879632948","-1.16979632079","1.57079632679","-0.368796308819","1.1170000172","SIDE","-1.58358863439e-16","0.96398561199","0.196297503971","-0.179440881105","51.3748423795","147.58214851","126.590404982","0.004586278","0.000038491","874"
"259","ombia","0.0","-0.752796314019","1.44000002276","-0.677796310457","1.48800002504","0.0552036982819","1.31700002018","SIDE","-8.66716080208e-17","0.800595957818","-0.026107753821","-0.59863552978","140.621288673","65.6872424997","56.7833595955","0.011983964","0.000041716","877"
"260","ombia","0.0","-0.807796313372","1.57079632679","-0.973796314737","1.57079632679","0.271203702022","1.46100002376","SIDE","0.389767652267","-0.00126041828803","0.920912367488","1.18908620719e-17","-84.2343662123","155.900273043","97.6666532324","0.010310378","0.000028383","878"
"261","ombia","0.0","-0.364796308629","1.16000001924","-0.389796306556","1.22400001902","0.0602036985194","1.10600001668","SIDE","0.291428713516","0.00718150502991","0.956565591543","-6.75525547348e-17","-80.1357701435","136.524492582","128.305149857","0.006877023","0.000021700","881"
"262","ombia","0.755","-0.771796311662","0.640000010841","-0.455796309691","1.15200001886","0.172203700579","0.947000015643","SIDE","1.50778226139e-16","0.441111173828","-0.00967291929731","0.897400338175","-114.631693554","158.285971013","-105.889161191","0.004596410","0.000053414","889"
"263","ombia","0.0","-0.669796313336","1.57079632679","-0.619796310961","1.57079632679","0.0852036997068","1.29200002225","SIDE","0.998357565486","0.052834852176","-0.0221506169842","-5.7122854821e-17","4.38528022287","106.792469505","-132.673784192","0.003107880","0.000015834","893"
"264","ombia","0.0","-0.699796311502","1.57079632679","-0.646796312244","1.57079632679","0.103203700562","1.26800002111","SIDE","0.998448924804","0.0446513500758","-0.0332566007563","-1.43337013254e-17","6.58782221881","98.7509723504","-132.411129584","0.005783666","0.000010145","896"
"265","ombia","0.755","-0.201796304146","0.475000009523","-0.196796303909","0.409000006388","0.159203699962","-2.28779236864e-16","TOP","0.519616356772","0.476487255017","0.482656792511","-0.519616356772","-0.831237302723","299.307069283","11.6016993854","0.007174840","0.000056681","897"
"266","ombia","0.0","-0.293796305256","0.736000012141","-0.434796308694","0.998000018066","0.00220369902416","0.0","TOP","0.726263142667","0.687160979514","0.0187519555569","-1.9347340282e-16","-3.0094323153","296.103051522","-5.5462296382","0.011143747","0.000080236","902"
"267","ombia","0.0","1.03220371209","1.57079632679","-0.427796308361","0.4240000071","0.263203701642","0.0430000020424","TOP","0.773683278987","0.616612378705","-0.145613729587","-2.51122176976e-16","21.3943076111","326.761359322","-7.61895210749","0.001760801","0.000005137","904"
"268","ombia","0.755","-0.250796306473","0.303000004613","0.128203701749","1.04355356985e-15","-0.147796304841","0.394000008935","TOP","0.505705340864","0.528793151992","0.457058003813","-0.505705340864","-0.953076596837","321.948892322","-2.76066523146","0.005530985","0.000056345","912"
"269","ombia","0.755","-0.650796312434","1.57079632679","-1.14379631955","1.57079632679","0.24020370055","1.38400002336","SIDE","0.389767652267","-0.00126041828803","0.920912367488","1.18908620719e-17","-87.8237849504","155.89536034","101.147465222","0.000445159","0.000008404","913"
"270","ombia","0.0","-0.315796306301","0.641000010888","-0.325796306776","1.2320000194","0.0322036971895","0.872000015341","SIDE","1.56007456994e-16","0.199166958145","-0.0532968334023","0.978515186562","-57.9957464258","102.444561804","-141.575416968","0.009534147","0.000015231","916"
"271","ombia","0.0","-0.697796311407","1.06400001794","-0.144796304698","0.379000008223","-0.223796305191","1.10400001658","SIDE","0.230532225899","0.301243602477","0.925260603716","-4.49963645445e-17","-69.1439171186","135.11290629","148.798540173","0.000320061","0.000029298","918"
"272","ombia","0.755","-1.19679631881","1.57079632679","-0.720796312499","1.57079632679","0.279203702402","1.33200002089","SIDE","1.23291387004e-16","0.370933222543","-0.00773680796736","0.928627312874","-82.1317611265","157.528573046","-104.241283915","0.008054767","0.000020122","919"
"273","ombia","0.0","-0.540796310469","1.57079632679","-0.645796312196","1.57079632679","-0.101796302656","1.5507963291","SIDE","0.756230950955","-0.0233716520459","-0.653887233932","1.83512560419e-17","146.439525825","91.4554212612","-25.702086312","0.003425639","0.000013868","921"
"274","ombia","0.0","0.117203701227","0.0","0.219203702812","-1.24202696299e-16","-0.674796310314","1.15400001896","TOP","0.519616356772","0.482656792511","-0.476487255017","0.519616356772","-0.994155682627","324.635093381","9.56878166093","0.002672602","0.000015279","922"
"275","ombia","0.755","-0.201796304146","0.222000004025","0.0222036999741","1.77708114039e-15","0.0372036974269","3.57552165676e-16","TOP","0.682038267729","0.731249889468","-0.0098691694733","-1.57693285846e-16","1.60855666246","320.446764177","1.827059266","0.006037758","0.000023003","927"
"276","ombia","0.755","-0.134796304223","0.0","-0.103796302751","0.117000002298","0.168203700389","0.0","TOP","0.519616356772","0.476487255017","0.482656792511","-0.519616356772","-0.990949889831","324.136706414","9.60878397987","0.001900487","0.000005631","928"
"277","ombia","0.755","-0.249796306426","0.41600000672","-0.263796307091","0.343000006513","0.157203699867","-3.41629632332e-16","TOP","0.715175351615","0.69710203751","-0.0507244097263","-2.61963915538e-16","-0.974842706733","321.649762187","-2.7537797609","0.007305611","0.000022542","932"
"278","ombia","0.755","-0.382796306224","0.605000009178","-0.131796304081","0.170000004815","0.155203699772","-6.01676195801e-16","TOP","0.703622920666","0.709205303317","-0.0440752000565","-3.35296628071e-16","-2.2682521096","323.007609887","-5.91766214603","0.007235801","0.000056981","933"
"279","ombia","0.0","-0.538796310374","0.876000015531","-0.310796306064","0.443000008003","0.155203699772","0.0","TOP","0.703622920666","0.709205303317","-0.0440752000565","-3.35296628071e-16","-2.24964471584","323.307017769","-5.91471327453","0.008474868","0.000043394","934"
"280","ombia","0.0","-0.163796305601","0.37200000789","-0.222796305144","0.427000007243","0.00820369930914","5.44613962511e-16","TOP","0.726263142667","0.687160979514","0.0187519555569","-1.9347340282e-16","-3.68792363024","320.966205402","-6.91419479057","0.007159151","0.000048605","936"
"281","ombia","0.755","-0.729796312927","1.57079632679","-1.20979631943","1.57079632679","0.293203703067","1.31900002027","SIDE","0.918709724037","0.00376969628784","-0.394915474943","-7.43485511032e-17","86.4384969156","156.743028699","-100.897022371","0.007664970","0.000022714","937"
"282","ombia","0.755","-0.222796305144","0.346000006655","0.150203699535","-1.53641929899e-16","-1.57079632679","1.57079632679","TOP","0.497536538602","0.532649752071","0.470318006387","-0.497536538602","-3.85670319355","297.448158509","-6.16939746042","0.000570944","0.000010055","939"
"283","ombia","0.0","-0.430796308504","1.22200001893","-0.396796306889","1.28800002206","0.0832036996118","1.08300001884","SIDE","2.37144502332e-17","0.308701138702","-0.0196411708732","0.95095627206","-83.3637237769","140.640857467","-125.0370117","0.006338711","0.000025898","940"
"284","ombia","0.0","-0.442796309074","0.685000012978","-0.446796309264","0.68800001312","0.157203699867","2.66781195408e-16","TOP","0.715175351615","0.69710203751","-0.0507244097263","-2.71666282781e-16","-0.836990677397","323.544253045","-2.79738774114","0.009462165","0.000044502","941"
"285","ombia","0.0","-0.687796310932","1.57079632679","-0.681796310647","1.39700002398","0.0702036989944","1.28200002178","SIDE","0.606022754939","0.0335298898213","0.794740314181","0.0","-142.428361556","101.268180327","54.646680145","0.003962552","0.000016118","946"
"286","ombia","0.755","-0.572796308729","1.14400001848","-0.178796303054","0.871000015293","-0.0307963025433","0.553000009968","SIDE","1.43016337192e-16","0.173862735877","0.982493359242","0.0669219554288","-3.29432576126","118.1697661","162.330096119","0.009656378","0.000027052","949"
"287","ombia","0.755","-0.995796315782","1.26100002078","-0.075796301421","0.0","-0.206796304384","0.972000016831","SIDE","0.230532225899","0.301243602477","0.925260603716","-2.9997576363e-17","-71.2342806369","135.793480643","153.177718396","0.007436488","0.000058803","962"
"288","ombia","0.0","-0.348796307869","0.697000013548","-0.358796308344","1.07900001865","0.0572036983769","0.863000014913","SIDE","1.31611928931e-16","0.218849689305","-0.0277467903577","0.975363998267","-62.0999626363","76.2688314126","-141.085883845","0.010513361","0.000036381","964"
"289","ombia","0.755","-1.25779632171","1.57079632679","-0.806796313324","1.57079632679","0.287203702782","1.41300002148","SIDE","1.51744753229e-16","0.441111173828","-0.00967291929731","0.897400338175","-94.9102813223","157.853509447","-90.6777517689","0.009247527","0.000020598","966"
"290","ombia","0.0","-0.674796310314","1.47500002442","-0.652796312529","1.57079632679","0.105203700657","1.26400002092","SIDE","-7.26736067439e-17","0.81158209735","0.0194148268596","-0.583915716315","137.45351925","118.896641795","60.8608381677","0.004346704","0.000021135","967"
"291","ombia","0.755","-0.706796311834","0.594000011915","-0.407796307411","0.989000017638","0.176203700769","0.824000013061","SIDE","1.23291387004e-16","0.370933222543","-0.00773680796736","0.928627312874","-99.2926946419","157.886510375","-122.293495463","0.005320051","0.000047358","969"
"292","ombia","0.0","-0.700796311549","1.46500002395","-0.649796312386","1.57079632679","0.0702036989943","1.3280000207","SIDE","-1.75690022581e-16","0.815820529229","-0.00302400215641","-0.578297258768","136.793517153","95.556380748","62.3629881087","0.009203153","0.000026208","973"
"293","ombia","0.0","-0.228796305428","0.653000011458","-0.291796305161","0.843000013963","0.0832036996118","0.331000005943","SIDE","0.997636313269","-0.052162026895","-0.0447315257756","5.21650060119e-18","12.1064678644","121.721840181","-163.977913403","0.007701906","0.000020362","976"
"294","ombia","0.0","-0.289796305066","1.18700002052","-0.274796304354","0.762000013376","0.0522036981394","0.406000006245","SIDE","0.997944016968","0.0624212859674","-0.0145369204316","3.2810363159e-17","3.63878114275","132.222352363","-157.235247815","0.009274390","0.000021939","979"
"295","ombia","0.0","-0.331796307061","0.842000013916","-0.331796307061","1.40400002105","0.0232037000216","1.00700001523","SIDE","3.67029292765e-16","0.220721164393","-0.0575721951329","0.973636282159","-63.1800842117","129.757012905","-135.903843534","0.005115485","0.000030111","980"
"296","ombia","0.0","-0.622796311104","1.54579632887","-0.657796312766","1.46700002404","0.0912036999918","1.28700002201","SIDE","0.570196743658","0.0135856041999","0.821395827163","1.64285518542e-16","-136.062060219","117.968871083","64.6598210298","0.009882215","0.000042364","983"
"297","ombia","0.0","-0.585796309347","1.57079632679","-1.57079632679","1.57079632679","0.0652036987569","1.57079632679","SIDE","2.24456266533e-16","0.132773000331","-0.061194844471","0.989255538975","-33.1229782536","128.034880779","-122.354580923","0.002387432","0.000002303","984"
"298","ombia","0.0","-1.57079632679","1.57079632679","-0.625796311246","1.57079632679","0.110203700894","1.50179632678","SIDE","0.985612680441","0.0599576205411","-0.158027617503","-1.88324902483e-16","37.6298669689","127.878179749","-121.961674912","0.004667219","0.000009874","987"
"299","ombia","0.0","-0.0457963032557","0.0","-0.287796304971","0.557000010158","0.0192036998316","0.0","TOP","-8.06572404764e-17","0.0098691694733","0.731249889468","-0.682038267729","1.62336519614","321.543993142","1.90367163375","0.003641221","0.000017606","992"
"300","ombia","0.0","-0.683796310742","1.57079632679","-0.499796308521","1.57079632679","0.149203699487","1.36500002246","SIDE","2.13364714808e-16","0.175832405832","0.0358049559585","0.983768758494","-42.1303762184","128.541572588","-126.284089813","0.006448919","0.000017470","997"
"301","ombia","0.0","-0.081796301706","1.57079632679","-0.561796311466","1.26000002073","0.0162036996891","0.0","TOP","-7.94711045871e-17","0.0098691694733","0.731249889468","-0.682038267729","1.28801924079","296.696746021","0.168749850311","0.006944498","0.000048259","999"
"302","ombia","0.0","-0.320796306539","0.597000012058","1.09820371523","1.57079632679","0.0482036979494","0.0","TOP","4.89835825706e-17","0.00436252179867","-0.678217260142","0.734848498977","-0.981973670003","322.741222907","9.72079047292","0.001909603","0.000005404","1003"
"303","ombia","0.755","0.0342036972844","0.0","-0.212796304669","0.30800000485","0.0192036998316","0.0","TOP","-8.06572404764e-17","0.0098691694733","0.731249889468","-0.682038267729","1.61259535346","320.74600844","1.84795354811","0.004305918","0.000002579","1004"
"304","ombia","0.0","-0.276796304449","0.467000009143","-0.0477963033507","0.991000017733","0.0382036974744","2.25075614474e-16","TOP","0.682038267729","0.731249889468","-0.0098691694733","-1.58965005893e-16","1.63009634781","322.042733581","1.93849543728","0.000052579","0.000024445","1005"
"305","ombia","0.0","1.03220371209","1.57079632679","-0.318796306444","0.616000009701","0.0372036974269","-4.49573488866e-16","TOP","0.734848498977","0.678217260142","0.00436252179867","-2.74426095124e-16","-0.983255987121","322.940577694","9.70478954534","0.002020189","0.000005664","1014"
"306","ombia","0.755","-0.097796302466","0.0","-0.105796302846","0.206000003265","0.0472036979019","0.0","TOP","1.43313631718e-17","0.0187519555569","-0.687160979514","0.726263142667","-3.448231811","312.182755335","-6.43093133706","0.005722416","0.000019870","1016"
"307","ombia","0.0","-0.627796311341","1.57079632679","-0.592796309679","1.57079632679","0.0742036991843","1.37400002289","SIDE","0.997944016968","0.0624212859674","-0.0145369204316","3.25930759857e-17","2.91604077015","129.118917651","-132.529895372","0.002799905","0.000014207","1019"
"308","ombia","0.755","-0.575796308872","1.12200001744","0.147203699392","0.0","-0.290796305114","0.753000012948","TOP","0.505705340864","0.528793151992","0.457058003813","-0.505705340864","-2.76038914235","297.111121618","-2.18894169465","0.007802426","0.000111779","1020"
"309","ombia","0.0","-0.768796314779","1.45300002338","-0.659796312861","1.51479632739","0.0952037001818","1.22700001916","SIDE","-1.93127814269e-16","0.790438531415","-0.030861813243","-0.611763415495","143.056471955","84.7918185036","53.0609815803","0.011536449","0.000038643","1022"
"310","ombia","0.0","-0.193796303766","0.723000011523","1.09820371523","1.57079632679","-0.105796302846","0.0","TOP","1.07623790133e-16","-0.145613729587","-0.616612378705","0.773683278987","19.7044239625","319.605418881","-6.14016483672","0.000077543","0.000004735","1023"
"311","ombia","0.0","-0.556796311229","1.57079632679","-0.648796312339","1.57079632679","-0.109796303036","1.54479632882","SIDE","0.751583858622","-0.0322423135223","-0.658849100081","-5.07779884223e-17","147.351689583","83.4529292769","-23.9907271901","0.004113160","0.000014121","1030"
"312","ombia","0.0","-0.285796304876","0.720000011381","-0.290796305114","1.33300002094","0.0352036973319","0.804000012111","SIDE","2.24456266533e-16","0.132773000331","-0.061194844471","0.989255538975","-39.6666571971","131.050851","-146.199754218","0.006550810","0.000021469","1034"
"313","ombia","0.0","-0.337796307346","1.002000015","-0.288796305019","0.763000013423","0.0892036998968","0.731000011903","SIDE","2.12483042433e-16","0.175832405832","0.0358049559585","0.983768758494","-50.7481614808","126.786723018","-149.589934147","0.007866352","0.000033474","1036"
"314","ombia","1.56667213924e-16","-0.382796306224","0.761000013328","-0.449796309406","0.985000017448","0.0512036980919","0.0","TOP","1.67199237005e-17","0.0187519555569","-0.687160979514","0.726263142667","-3.02032739932","296.502299301","-5.56819616149","0.007894820","0.000026348","1038"
"315","ombia","0.0","-0.560796311419","1.57079632679","-0.591796309632","1.57079632679","0.0142036995941","1.43600002257","SIDE","4.36526358546e-16","-0.0332566007563","-0.0446513500758","0.998448924804","6.50148923966","98.6350589982","-131.119189904","0.002036481","0.000009754","1041"
"316","ombia","0.755","-0.0477963033507","0.133000003058","-0.104796302798","0.115000002203","0.00720369926165","0.0","TOP","0.726263142667","0.687160979514","0.0187519555569","-1.91084842291e-16","-3.51632608612","314.678053953","-6.56822210761","0.006314550","0.000021347","1043"
"317","ombia","0.0","-0.313796306206","1.29700002249","-0.307796305921","0.689000013168","0.0622036986144","0.749000012758","SIDE","0.985612680441","0.0599576205411","-0.158027617503","-1.88324902483e-16","45.3895324282","130.822292206","-145.44843488","0.009751574","0.000031079","1044"
"318","ombia","1.94289029309e-16","-0.310796306064","1.13900001824","-0.284796304829","0.772000013851","0.0592036984719","0.349000006798","SIDE","0.998357565486","0.052834852176","-0.0221506169842","-5.7122854821e-17","5.48701146269","109.420378571","-157.420266411","0.009652180","0.000024571","1045"
"319","ombia","0.0","-0.324796306729","1.11800001725","-0.297796305446","0.789000014658","0.0702036989944","0.354000007035","SIDE","0.998448924804","0.0446513500758","-0.0332566007563","-1.38993467398e-17","8.24209617909","100.972052197","-157.16670031","0.005872947","0.000009109","1046"
"320","ombia","1.66533453694e-16","0.200203701909","1.403000021","-0.337796307346","1.57079632679","-1.04779631825","0.0","SIDE","0.394628791003","0.748879116709","0.357374178112","0.394628791003","-104.207328731","209.184589777","58.2125871805","0.006616386","0.000048930","1047"
"321","ombia","0.0","0.303203703542","1.08300001884","-0.377796305986","1.57079632679","-0.971796314642","0.0","SIDE","0.4158425701","0.751529765423","0.298919596995","0.4158425701","-103.763446905","216.614209871","53.5038684407","0.005780715","0.000024405","1049"
"322","ombia","0.0","-0.256796306758","0.881000015768","-0.273796304306","1.16000001924","0.0102036994041","0.431000007433","SIDE","4.36092003961e-16","-0.0332566007563","-0.0446513500758","0.998448924804","8.15576319994","100.856138845","-155.87476063","0.002160270","0.000004172","1051"
"323","ombia","0.0","-0.252796306568","0.796000014991","-0.272796304259","1.12100001739","0.0222036999741","0.362000007415","SIDE","6.16839953201e-17","-0.0221506169842","-0.052834852176","0.998357565486","5.49585715766","109.441477802","-157.618953555","0.008264460","0.000026542","1054"
